,Address,Bathrooms,Bedrooms,Designation,Price
0,"Akwa, Akwa, Douala, Littoral",2 Salles de bain,3 Chambres,"

                        Appartement à louer à Akwa                    
","CFA  500,000"
1,"Akwa, Akwa, Douala, Littoral",2 Salles de bain,3 Chambres,"

                        Appartement à louer à Akwa                    
","CFA  500,000"
2,"Bonamoussadi, Bonamoussadi, Douala, Littoral",2 Salles de bain,2 Chambres,"

                        Appartement À Bonamoussadi Louer À                    
","CFA  150,000"
3,"Bonamoussadi, Douala, Littoral",1 Salles de bain,2 Chambres,"

                        Appartement à louer à bonamoussadi                    
",Prix : Contactez le vendeur
4,"Nkoabang, Yaoundé, Centre",2 Salles de bain,1 Chambres,"

                        Joli studio meublé à louer                    
","CFA  200,000"
5,"Rue du collége ""les pédagogues"", Makepe, Douala, Littoral",2 Salles de bain,2 Chambres,"

                        Appartement ultra moderne à louer à Makepé                    
","CFA  150,000"
6,"Odza, Yaoundé, Centre",1 Salles de bain,2 Chambres,"

                        Appartement à louer à Odza                    
","CFA  130,000"
7,"Bessengué, Douala, Littoral",1 Salles de bain,1 Chambres,"

                        Studio de haut Standing à louer à Bessengué                    
","CFA  100,000"
8,"Akwa, Akwa, Douala, Littoral",2 Salles de bain,2 Chambres,"

                        Appartement à louer à Akwa                    
","CFA  300,000"
9,"Douala, Brazzaville, Douala, Littoral",1 Salles de bain,2 Chambres,"

                        Appartement 2 chambres à Dakar                    
","CFA  150,000"
10,"Bali, Douala, Littoral",1 Salles de bain,1 Chambres,"

                        Studio à louer à Bali                    
","CFA  200,000"
11,"Logpom, Douala, Littoral",3 Salles de bain,3 Chambres,"

                        Duplex De Haut Standing À Louer À Logpom                    
","CFA  250,000"
12,"DENVER, Douala, Littoral",4 Salles de bain,3 Chambres,"

                        Appartement à louer à BONAMOUSSADI                    
","CFA  800,000"
13,"COAF, Bessengue, Douala, Littoral",2 Salles de bain,2 Chambres,"

                        Appartement à louer à BESSENGUE                    
","CFA  250,000"
14,"Makepé, Douala, Littoral",1 Salles de bain,1 Chambres,"

                        Studio meublé à louer à Makepé BM                    
","CFA  400,000"
15,"Santa Barbara, Douala, Littoral",1 Salles de bain,1 Chambres,"

                        Studio de type Américain à louer à Bonamoussadi santa Barbara                    
","CFA  700,000"
16,"COAF, Bessengue, Douala, Littoral",2 Salles de bain,2 Chambres,"

                        Appartement à louer à BESSENGUE                    
","CFA  150,000"
17,"Kotto, Kotto, Douala, Littoral",2 Salles de bain,3 Chambres,"

                        Appartement haut standing à louer à Kotto                    
","CFA  300,000"
18,"Kotto, Kotto, Douala, Littoral",2 Salles de bain,2 Chambres,"

                        Appartement haut Standing alliant confort et sécurité à louer à Kotto                    
","CFA  200,000"
19,"ROND POINT SALLE DE FETES AKWA, Akwa, Douala, Littoral",1 Salles de bain,1 Chambres,"

                        RESIDENCE CARAT                    
","CFA  1,200,000"
20,"Akwa, Douala, Littoral",2 Salles de bain,2 Chambres,"

                        Appartement ultra moderne à louer à AKWA                    
","CFA  650,000"
21,"Bonamoussadi, Douala, Littoral",2 Salles de bain,2 Chambres,"

                        Appartement de haut standing à louer à Bonamoussadi                    
","CFA  200,000"
22,"Logpom, Logpom, Douala, Littoral",3 Salles de bain,2 Chambres,"

                        Studio à louer à Logpom                    
","CFA  100,000"
23,"Bonapriso, Douala, Littoral",5 Salles de bain,4 Chambres,"

                        Duplex meublé à louer à Bonapriso                    
","CFA  4,500,000"
24,"Entrée Hôtel Mbanya Sable, Bonamoussadi, Douala, Littoral",3 Salles de bain,2 Chambres,"

                        Appartements haut standing                    
","CFA  200,000"
25,"Bonabéri, Bonabéri, Douala, Littoral",2 Salles de bain,2 Chambres,"

                        Appartement à louer à Bonabéri                    
","CFA  160,000"
26,"Logpom, Douala, Littoral",1 Salles de bain,1 Chambres,"

                        Studio à louer à LOGPOM                    
","CFA  75,000"
27,"Akwa, Douala, Littoral",2 Salles de bain,3 Chambres,"

                        Appartement ultra moderne à louer à Akwa                    
","CFA  650,000"
28,"Akwa, Douala, Littoral",2 Salles de bain,3 Chambres,"

                        Appartement ultra moderne à louer à Akwa                    
","CFA  800,000"
29,"Ange Raphael, Douala, Littoral",1 Salles de bain,1 Chambres,"

                        Chambre à louer à Ange Raphael                    
","CFA  40,000"
30,"Bonamoussadi, Douala, Littoral",1 Salles de bain,1 Chambres,"

                        Studio à louer à Bonamoussadi Denver                    
","CFA  600,000"
31,"Akwa, Douala, Littoral",2 Salles de bain,1 Chambres,"

                        Studio À Louer À Akwa                    
",Prix : Contactez le vendeur
32,"Bonapriso, Douala, Littoral",50 Surface habitable (m²),1 Chambres,"

                        Joli Studio Meublé à Louer à Bonapriso                    
","CFA  1,200,000"
33,"Bonapriso, Douala, Littoral",1 Salles de bain,1 Chambres,"

                        Studio Meublé À Louer À Bonapriso                    
","CFA  1,200,000"
34,"Logpom, Logpom, Douala, Littoral",1 Salles de bain,2 Chambres,"

                        Appartement à louer à Logpom                    
","CFA  120,000"
35,"Akwa, Douala, Littoral",2 Salles de bain,3 Chambres,"

                        Appartement ultra moderne à louer à Akwa                    
","CFA  750,000"
36,"Bonabéri, Douala, Littoral",2 Salles de bain,2 Chambres,"

                        Appartement à louer à Bonabéri                    
","CFA  160,000"
37,"Logpom, Douala, Littoral",1 Salles de bain,2 Chambres,"

                        Appartement ultra moderne à louer à Logpom                    
","CFA  120,000"
38,"Akwa, Douala, Littoral",2 Salles de bain,2 Chambres,"

                        Appartement à louer à Akwa                    
","CFA  650,000"
39,"Logpom, Douala, Littoral",2 Salles de bain,3 Chambres,"

                        Appartement ultra moderne à louer à Logpom                    
","CFA  160,000"
40,"Logpom, Douala, Littoral",3 Salles de bain,3 Chambres,"

                        Appartement à louer à Logpom                    
","CFA  150,000"
41,"Bonabéri, Douala, Littoral",1 Salles de bain,1 Chambres,"

                        Studio à louer à Bonabéri                    
",Prix : Contactez le vendeur
42,"Bonapriso, Douala, Littoral",3 Salles de bain,2 Chambres,"

                        Appartement de haut standing à louer à Bonapriso                    
","CFA  1,200,000"
43,"Bonapriso, Douala, Littoral",2 Salles de bain,2 Chambres,"

                        Appartement à louer à Bonapriso                    
","CFA  500,000"
44,"Bastos, Yaoundé, Centre",2 Salles de bain,2 Chambres,"

                        Appartement 3 pièces à Dragage                    
","CFA  700,000"
45,"Bonamoussadi, Douala, Littoral",1 Salles de bain,1 Chambres,"

                        Studio Meublé À Louer À Denver Bonamoussadi                    
","CFA  900,000"
46,"ZACHMAN, Ndog Bong, Douala, Littoral",2 Salles de bain,2 Chambres,"

                        Appartement haut standing à louer à Ndog-Bong                    
","CFA  200,000"
47,"Logpom, Douala, Littoral",2 Salles de bain,3 Chambres,"

                        Appartement ultra moderne à louer à Logpom                    
","CFA  250,000"
48,"Ndog Bong, Douala, Littoral",2 Salles de bain,3 Chambres,"

                        Appartement à louer à Ndogbong                    
","CFA  200,000"
49,"Kotto, Kotto, Douala, Littoral",2 Salles de bain,2 Chambres,"

                        Appartement à louer à Kotto                    
","CFA  150,000"
50,"Kotto, Douala, Littoral",2 Salles de bain,2 Chambres,"

                        Appartement à louer à Kotto                    
","CFA  150,000"
51,"Akwa, Douala, Littoral",2 Salles de bain,2 Chambres,"

                        Appartement À Louer À Akwa                    
","CFA  450,000"
52,"Akwa, Douala, Littoral",1 Salles de bain,1 Chambres,"

                        Studio à louer à Akwa                    
","CFA  350,000"
53,"Mpalla, Entre  carrefour costa bianca et golf de kribi, Kribi, Sud",2 Salles de bain,2 Chambres,"

                        2 chambres meublées à Kribi                    
","CFA  80,000"
54,"Mpalla, Entre  carrefour costa bianca et golf de kribi, Kribi, Sud",2 Salles de bain,2 Chambres,"

                        2 chambres meublées  à Kribi                    
","CFA  50,000"
55,"Bonabéri, Douala, Littoral",1 Salles de bain,1 Chambres,"

                        Studio à louer à BONABERI                    
","CFA  50,000"
56,"Bonapriso, Douala, Littoral",4 Salles de bain,3 Chambres,"

                        APPARTEMENT SPACIEUX DE 3 CHAMBRES 4 DOUCHES PISCINE 800K BONAPRISO                    
","CFA  800,000"
57,"Logpom, Logpom, Douala, Littoral",3 Salles de bain,3 Chambres,"

                        Appartement Ultra Moderne À Louer À Logpom                    
","CFA  200,000"
58,"Logpom, Douala, Littoral",2 Salles de bain,2 Chambres,"

                        Appartement meublé à louer à Logpom                    
",Prix : Contactez le vendeur
59,"Akwa, Douala, Littoral",2 Salles de bain,1 Chambres,"

                        Studio À Louer À Akwa                    
",Prix : Contactez le vendeur
60,"Bonapriso, Douala, Littoral",2 Salles de bain,2 Chambres,"

                        Appartements de très Haut Standing à louer à Bonapriso                    
",Prix : Contactez le vendeur
61,"Bonapriso, Douala, Littoral",4 Salles de bain,3 Chambres,"

                        APPARTEMENT 3 CHAMBRES ENTREE ET PISCINE PRIVEE MABRE HAUT STANDING                    
","CFA  1,400,000"
62,"Deido, Douala, Littoral",2 Salles de bain,1 Chambres,"

                        Studio meublé à louer à Deido                    
",Prix : Contactez le vendeur
63,"Bonapriso, Douala, Littoral",2 Salles de bain,2 Chambres,"

                        APPARTEMENT MEUBLE DE 2 CHAMBRES A LOUER A BONAPRISO                    
","CFA  1,500,000"
64,"Logpom, Douala, Littoral",2 Salles de bain,2 Chambres,"

                        Appartement à louer à Logpom                    
","CFA  170,000"
65,"Bonapriso, Douala, Littoral",2 Salles de bain,2 Chambres,"

                        APPARTEMENT MEUBLE DE 2 CHAMBRES A LOUER A BONAPRISO                    
","CFA  1,600,000"
66,"Logpom, Douala, Littoral",2 Salles de bain,3 Chambres,"

                        Appartement à louer à Logpom                    
","CFA  170,000"
67,"Logpom, Douala, Littoral",2 Salles de bain,2 Chambres,"

                        Appartement ultra moderne à louer à Logpom                    
","CFA  110,000"
68,"Biyem-Assi, Yaoundé, Centre",2 Salles de bain,3 Chambres,"

                        Sympathique appartement à louer à Biyem - Assi                    
","CFA  313,000"
69,"new-bell, Douala, Littoral",2 Salles de bain,2 Chambres,"

                        APPARTEMENT DE 2 CHAMBRES A LOUER                    
","CFA  200,000"
70,"Mimboman, Yaoundé, Centre",2 Salles de bain,2 Chambres,"

                        Appartement neuf à louer                    
","CFA  150,000"
71,"Kotto, Kotto, Douala, Littoral",1 Salles de bain,1 Chambres,"

                        Appartement haut standing à louer à Kotto .                    
",Prix : Contactez le vendeur
72,"Makepe, Douala, Littoral",5 Salles de bain,5 Chambres,"

                        Duplex de Haut Standing à louer à Makepé                    
","CFA  750,000"
73,"Kotto, Douala, Littoral",2 Salles de bain,2 Chambres,"

                        Appartement À Louer À Kotto                    
","CFA  110,000"
74,"Koumassi, Douala, Littoral",1 Salles de bain,1 Chambres,"

                        Studio à louer à Cayo -Elie                    
","CFA  250,000"
75,"Akwa, Akwa, Douala, Littoral",3 Salles de bain,2 Chambres,"

                        Appartement à louer à Akwa                    
","CFA  1,800,000"
76,"Logpom, Douala, Littoral",2 Salles de bain,2 Chambres,"

                        Appartement à louer à Logpom                    
","CFA  200,000"
77,"RHONE POULENC, Makepe, Douala, Littoral",2 Salles de bain,2 Chambres,"

                        Appartement à louer à Makepé                    
","CFA  250,000"
78,"Akwa-Nord, Akwa, Douala, Littoral",1 Salles de bain,2 Chambres,"

                        Appartement à louer à Akwa Nord                    
","CFA  150,000"
79,"Koumassi, Douala, Littoral",2 Salles de bain,2 Chambres,"

                        Appartement à louer à Cayo -Elie                    
","CFA  700,000"
80,"Makepe, Douala, Littoral",3 Salles de bain,3 Chambres,"

                        Appartement à louer à MAKEPE                    
","CFA  300,000"
81,"Bonapriso, Bonapriso, Douala, Littoral",2 Salles de bain,2 Chambres,"

                        Appartement à louer à Bonapriso                    
","CFA  1,500,000"
82,"Makepe, Makepe, Douala, Littoral",2 Salles de bain,3 Chambres,"

                        Appartement à louer à Makepe                    
","CFA  250,000"
83,"Makepe, Douala, Littoral",2 Salles de bain,3 Chambres,"

                        Appartement à louer à MAKEPE                    
","CFA  300,000"
84,"Bonamoussadi, Bonamoussadi, Douala, Littoral",1 Salles de bain,2 Chambres,"

                        Appartement à louer à Bonamoussadi                    
","CFA  400,000"
85,"Bonamoussadi, Douala, Littoral",2 Salles de bain,2 Chambres,"

                        Appartement à louer à BONAMOUSSADI                    
","CFA  150,000"
86,"Akwa, Douala, Littoral",3 Salles de bain,2 Chambres,"

                        Appartement à louer à Akwa                    
","CFA  1,500,000"
87,"Bonabéri, Bonabéri, Douala, Littoral",1 Salles de bain,2 Chambres,"

                        Appartement à louer à Bonabéri                    
","CFA  150,000"
88,"a, Bonapriso, Douala, Littoral",3 Salles de bain,2 Chambres,"

                        appartement à louer à Bonapriso                    
","CFA  900,000"
89,"Kotto, Douala, Littoral",2 Salles de bain,3 Chambres,"

                        Appartement à louer à Kotto                    
","CFA  200,000"
90,"Bonapriso, Douala, Littoral",3 Salles de bain,3 Chambres,"

                        Appartement à louer à Bonapriso                    
","CFA  1,500,000"
91,"Makepe, Douala, Littoral",2 Salles de bain,2 Chambres,"

                        Appartement à louer à Makepe                    
","CFA  120,000"
92,"Koumassi, Douala, Littoral",2 Salles de bain,2 Chambres,"

                        Appartement à louer à Cayo -Elie                    
","CFA  700,000"
93,"Akwa-Nord, Akwa, Douala, Littoral",1 Salles de bain,2 Chambres,"

                        Appartement à louer à Akwa Nord                    
","CFA  150,000"
94,"Kotto, Douala, Littoral",2 Salles de bain,3 Chambres,"

                        Appartement À Louer À Kotto                    
","CFA  200,000"
95,"Koumassi, Douala, Littoral",2 Salles de bain,2 Chambres,"

                        Appartement à louer à Cayo -Elie                    
","CFA  700,000"
96,"Makepe, Douala, Littoral",2 Salles de bain,2 Chambres,"

                        Appartement à louer à Makepé                    
","CFA  150,000"
97,"Kotto, Kotto, Douala, Littoral",2 Salles de bain,3 Chambres,"

                        Appartement à louer à Kotto                    
","CFA  130,000"
98,"akwa, Akwa, Douala, Littoral",3 Salles de bain,2 Chambres,"

                        Appartement à louer à Akwa                    
","CFA  450,000"
99,"Koumassi, Douala, Littoral",2 Salles de bain,2 Chambres,"

                        Appartement à louer à Cayo -Elie                    
","CFA  700,000"
100,"Koumassi, Douala, Littoral",2 Salles de bain,2 Chambres,"

                        Appartement à louer à Cayo -Elie                    
","CFA  700,000"
101,"Kotto, Douala, Littoral",2 Salles de bain,3 Chambres,"

                        Appartement à louer à Kotto                    
","CFA  180,000"
102,"Makepe, Makepe, Douala, Littoral",3 Salles de bain,3 Chambres,"

                        Appartement À Louer À Makepe                    
","CFA  300,000"
103,"Koumassi, Douala, Littoral",2 Salles de bain,2 Chambres,"

                        Appartement à louer à Cayo -Elie                    
","CFA  700,000"
104,"Logbessou, Douala, Littoral",2 Salles de bain,2 Chambres,"

                        Appartement à louer à Logbessou                    
","CFA  85,000"
105,"Akwa, Akwa, Douala, Littoral",2 Salles de bain,3 Chambres,"

                        Appartement à louer à Akwa                    
","CFA  600,000"
106,"Koumassi, Douala, Littoral",2 Salles de bain,2 Chambres,"

                        Appartement à louer à Cayo -Elie                    
","CFA  700,000"
107,"Logbessou, Douala, Littoral",4 Salles de bain,3 Chambres,"

                        Appartement à louer à Logbessou                    
","CFA  85,000"
108,"Makepe, Douala, Littoral",3 Salles de bain,3 Chambres,"

                        Appartement à louer à MAKEPE                    
","CFA  300,000"
109,"Akwa, Akwa, Douala, Littoral",1 Salles de bain,1 Chambres,"

                        Chambre meublée à louer à Akwa                    
","CFA  400,000"
110,"Makepe, Makepe, Douala, Littoral",2 Salles de bain,2 Chambres,"

                        Appartement à louer à Maképé                    
","CFA  150,000"
111,"Bonamoussadi, Bonamoussadi, Douala, Littoral",2 Salles de bain,2 Chambres,"

                        Appartement à louer à Bonamoussadi                    
","CFA  170,000"
112,"Akwa, Akwa, Douala, Littoral",2 Salles de bain,3 Chambres,"

                        Appartement à louer à Akwa                    
","CFA  600,000"
113,"Kotto, Douala, Littoral",2 Salles de bain,2 Chambres,"

                        Appartement à louer à Kotto                    
","CFA  120,000"
114,"Bonanjo, Douala, Littoral",2 Salles de bain,3 Chambres,"

                        Appartement à louer à Bonanjo                    
","CFA  1,800,000"
115,"Akwa, Douala, Littoral",2 Salles de bain,2 Chambres,"

                        Appartement à louer à Akwa                    
","CFA  300,000"
116,"Bonapriso, Bonapriso, Douala, Littoral",2 Salles de bain,2 Chambres,"

                        Appartement à louer à Bonapriso                    
","CFA  1,500,000"
117,"Logpom, Douala, Littoral",1 Salles de bain,1 Chambres,"

                        Studio à louer à Logpom                    
","CFA  85,000"
118,"Mendong, Yaoundé, Centre",1 Salles de bain,2 Chambres,"

                        Appartement individuel à Mendong                    
","CFA  85,000"
119,"Bonamoussadi, Douala, Littoral",1 Salles de bain,2 Chambres,"

                        Appartement à louer à Bonamoussadi                    
","CFA  230,000"
120,"Bonapriso, Douala, Littoral",2 Salles de bain,2 Chambres,"

                        Appartement Ultra Moderne à louer à Bonapriso                    
","CFA  800,000"
121,"Akwa, Douala, Littoral",1 Salles de bain,1 Chambres,"

                        Chambre meublée à louer à Akwa                    
","CFA  500,000"
122,"Akwa, Douala, Littoral",1 Salles de bain,1 Chambres,"

                        Chambre meublé à louer à Akwa                    
","CFA  500,000"
123,"Kotto, Kotto, Douala, Littoral",2 Salles de bain,2 Chambres,"

                        Appartement à louer à Kotto                    
","CFA  150,000"
124,"Bonamoussadi, Douala, Littoral",2 Salles de bain,2 Chambres,"

                        Appartement Ultra Moderne à louer à Bonamoussadi                    
","CFA  250,000"
125,"Makepe, Douala, Littoral",1 Salles de bain,1 Chambres,"

                        Studio à louer à Makepé                    
","CFA  70,000"
126,"Ngousso, Ngousso, Yaoundé, Centre",1 Salles de bain,2 Chambres,"

                        Appartement à louer à Eleveur                    
","CFA  70,000"
127,"Denver, Douala, Littoral",NA,1 Salles de bain,"

                        Studio Meublé Denver Douala                    
",Prix : Contactez le vendeur
128,"Bonamoussadi, Douala, Littoral",2 Salles de bain,2 Chambres,"

                        Appartement à louer à Bonamoussadi                    
",Prix : Contactez le vendeur
129,"Auberge Bleue, Odza, Yaoundé, Centre",2 Salles de bain,3 Chambres,"

                        Appartement 3 chambres à Odza                    
","CFA  150,000"
130,"Bonapriso, Douala, Littoral",2 Salles de bain,1 Chambres,"

                        studio à louer à bonapriso                    
",Prix : Contactez le vendeur
131,"Biyem-Assi, Yaoundé, Centre",2 Salles de bain,2 Chambres,"

                        Appartement À Biyem Assi                    
","CFA  110,000"
132,"Nkollmessen, Nkolmesseng, Yaoundé, Centre",2 Salles de bain,2 Chambres,"

                        Apparemment À Louer À Nkollmessen                    
","CFA  100,000"
133,"Bonapriso, Douala, Littoral",3 Salles de bain,2 Chambres,"

                        appartement à louer à bonapriso                    
",Prix : Contactez le vendeur
134,"Makepe, Douala, Littoral",2 Salles de bain,2 Chambres,"

                        Appartement meublé à louer à MAKEPE                    
",Prix : Contactez le vendeur
135,"CITEE VERTE, Cité verte, Yaoundé, Centre",2 Salles de bain,2 Chambres,"

                        APPARTEMENT DE  HAUT STANDING  A LOUER A LA CITEE VERTE                    
","CFA  120,000"
136,"CITEE VERTE, Cité verte, Yaoundé, Centre",1 Salles de bain,1 Chambres,"

                        STUDIO MODERNE  DE HAUT STANDING A LOUER A  LA CITEE VERTE                    
","CFA  70,000"
137,"NSIMEYONG, Nsimeyong, Yaoundé, Centre",2 Salles de bain,3 Chambres,"

                        Appartement à Nsimeyong                    
","CFA  120,000"
138,"OYOM ABANG, Oyom Abang, Yaoundé, Centre",2 Salles de bain,2 Chambres,"

                        APPARTEMENT A LOUER A OYOMABANG                    
","CFA  100,000"
139,"NKOLDONGO, Nkolndongo, Yaoundé, Centre",1 Salles de bain,2 Chambres,"

                        Appartement à Nkoldongo                    
","CFA  100,000"
140,"TAM TAM, Biyem-Assi, Yaoundé, Centre",1 Salles de bain,1 Chambres,"

                        STUDIO MODERNE ET NEUF A TAM TAM                    
","CFA  70,000"
141,"DAMASE, Damase, Yaoundé, Centre",2 Salles de bain,3 Chambres,"

                        Appartement à Louer à Damase                    
","CFA  150,000"
142,"mimboman, Mimboman, Yaoundé, Centre",1 Salles de bain,1 Chambres,"

                        Studio De Standing À Mimboman                    
","CFA  55,000"
143,"Bonapriso, Douala, Littoral",1 Salles de bain,1 Chambres,"

                        studio à louer à bonapriso                    
",Prix : Contactez le vendeur
144,"BIYEM ASSI, Biyem Assi, Yaoundé, Centre",1 Salles de bain,1 Chambres,"

                        Studio Moderne à Biyem Assi                    
","CFA  60,000"
145,"NSIMEYONG, Nsimeyong, Yaoundé, Centre",2 Salles de bain,3 Chambres,"

                        Appartement à Nsimeyong                    
","CFA  120,000"
146,"rue kotto avant eco marche, Bonapriso, Douala, Littoral",2 Salles de bain,2 Chambres,"

                        Maison 02 Pièces à Deido                    
","CFA  250,000"
147,"BASTOS, Bastos, Yaoundé, Centre",3 Salles de bain,3 Chambres,"

                        Appartement Haut Standing à Bastos                    
","CFA  400,000"
148,"CITEE VERTE, Cité verte, Yaoundé, Centre",2 Salles de bain,2 Chambres,"

                        APPARTEMENT DE TRES HAUT STANDING  A LOUER A LA CITEE VERTE                    
","CFA  130,000"
149,"Biyem-Assi, Yaoundé, Centre",1 Salles de bain,2 Chambres,"

                        Appartement de 2 Chambres Tkc.                    
","CFA  70,000"
150,"TAM TAM, Biyem-Assi, Yaoundé, Centre",2 Salles de bain,3 Chambres,"

                        Appartement 03 Pièces à Tam Tam                    
","CFA  125,000"
151,"Bonamoussadi, Douala, Littoral",NA,3 Pièces (nombre total),"

                        Studio à Bonamoussadi                    
","CFA  50,000"
152,"Douala, Littoral",NA,,"

                        Appartement a Noedy                    
",Prix : Contactez le vendeur
153,"FANDENA, Omnisports, Yaoundé, Centre",2 Salles de bain,3 Chambres,"

                        Appartement 03 Pièces à Omnisports                    
","CFA  300,000"
154,"Biyem-Assi, Yaoundé, Centre",1 Salles de bain,2 Chambres,"

                        Appartement À La Montée Des Sœurs                    
","CFA  90,000"
155,"732 Rue Toyota Face Clinique IDIMED, Bonapriso, Douala, Littoral",3 Salles de bain,2 Chambres,"

                        Appartement Meublé de Luxe à Louer                    
",Prix : Contactez le vendeur
156,"MENDONG, Mendong, Yaoundé, Centre",2 Salles de bain,3 Chambres,"

                        Appartement Haut Standing  à Mendong Maetur                    
","CFA  250,000"
157,"DAMASE, Damase, Yaoundé, Centre",2 Salles de bain,2 Chambres,"

                        Appartement à Damase                    
","CFA  100,000"
158,"rue des palmier, Bonapriso, Douala, Littoral",3 Salles de bain,2 Chambres,"

                        Appartement  02 Pièces à Bonapriso                    
","CFA  600,000"
159,"Immeuble UBA, à côté Hôtel Continental, Feu Rouge, Bafoussam, Bafoussam, Ouest",2 Salles de bain,2 Chambres,"

                        Appartements Meublés 100m² à Bafoussam - Feu rouge-                    
","CFA  30,000"
160,"AHALA, Ahala, Yaoundé, Centre",1 Salles de bain,1 Chambres,"

                        Studio Moderne à Louer à Ahala                    
","CFA  50,000"
161,"Buéa, Sud-Ouest",NA,,"

                        Appartement à molyko                    
",Prix : Contactez le vendeur
162,"Bastos, Bastos, Yaoundé, Centre",3 Salles de bain,2 Chambres,"

                        Appart grand standing à Bastos                    
","CFA  450,000"
163,"Bepanda, Douala, Littoral",1 Salles de bain,1 Chambres,"

                        Studio à louer à Bépanda Cafrad                    
",Prix : Contactez le vendeur
164,"BIYEM ASSI, Yaoundé, Yaoundé, Centre",1 Salles de bain,1 Chambres,"

                        Chambre Moderne à Biyem Assi                    
","CFA  30,000"
165,"BIYEM ASSI, Biyem Assi, Yaoundé, Centre",1 Salles de bain,1 Chambres,"

                        Appartement à Biyem Assi                    
","CFA  60,000"
166,"Bonapriso, Douala, Littoral",4 Salles de bain,3 Chambres,"

                        Appartement 03 Chambres à Bonapriso                    
","CFA  1,300,000"
167,"Bali à la rue de la pharmacie la côte, Bali, Douala, Littoral",2 Salles de bain,2 Chambres,"

                        3 Appartements de 2 chambres nouvellement construit à Bali                    
","CFA  400,000"
168,"Douala, Littoral",1 Salles de bain,1 Chambres,"

                        Studio à louer à Maképé                    
",Prix : Contactez le vendeur
169,"MOBIL, Omnisports, Yaoundé, Centre",2 Salles de bain,2 Chambres,"

                        Appartement 02 Pièces à Omnisport                    
","CFA  150,000"
170,"Douala, Littoral",NA,1 Salles de bain,"

                        Studios Et Appartements Meublés                    
",Prix : Contactez le vendeur
171,"Bali à la rue de la pharmacie la côte, Bali, Douala, Littoral",2 Salles de bain,2 Chambres,"

                        3 Appartements de 2 chambres nouvellement construit à Bali                    
","CFA  400,000"
172,"Oyom Abang, Yaoundé, Centre",3 Salles de bain,2 Chambres,"

                        APPARTEMENT  DE HAUT STANDING  A LOUER A OYOMABANG                    
","CFA  100,000"
173,"santa barbara, Santa Barbara, Yaoundé, Centre",2 Salles de bain,2 Chambres,"

                        Exclusivité à Santa Barbara                    
","CFA  175,000"
174,"Douala, Littoral",3 Salles de bain,2 Chambres,"

                        Appartement 03 Pièces à Bonanjo                    
","CFA  700,000"
175,"avenue de gaule, Bonapriso, Douala, Littoral",3 Salles de bain,2 Chambres,"

                        Appartement  à Louer à Bonapriso                    
","CFA  850,000"
176,"CAMP SIC, Mendong, Yaoundé, Centre",1 Salles de bain,1 Chambres,"

                        Studio Moderne à Mendong                    
","CFA  60,000"
177,"Bali à la rue de la pharmacie la côte, Bali, Douala, Littoral",2 Salles de bain,2 Chambres,"

                        3 Appartements de 2 chambres nouvellement construit à Bali                    
","CFA  400,000"
178,"Bastos, Yaoundé, Centre",3 Salles de bain,2 Chambres,"

                        Appartement d'exception au Golf                    
","CFA  800,000"
179,"Mendong, Yaoundé, Centre",1 Salles de bain,2 Chambres,"

                        Appartement à Mendong Simbock                    
","CFA  100,000"
180,"Bonapriso, Douala, Littoral",3 Salles de bain,3 Chambres,"

                        Appartement 0 3 Chambres à Bonanjo                    
","CFA  800,000"
181,"Bastos, Yaoundé, Centre",2 Salles de bain,2 Chambres,"

                        Appartement 2 chambres à Bastos                    
","CFA  400,000"
182,"NOUVELLE ROUTE DU GENIE MILITAIRE/AXE-LOURD BONATEKI, Bepanda, Douala, Littoral",2 Salles de bain,2 Chambres,"

                        Appartement Moderne à Louer à Bonewonda                    
","CFA  165,000"
183,"CHOCOCHO, Bonapriso, Douala, Littoral",4 Salles de bain,3 Chambres,"

                        Appartement meublé à louer à BONAPRISO                    
","CFA  1,500,000"
184,"TITI GARAGE, Omnisports, Yaoundé, Centre",3 Salles de bain,2 Chambres,"

                        Appartement 02 Pièces à Omnisports                    
","CFA  175,000"
185,"Bastos, Yaoundé, Centre",2 Salles de bain,3 Chambres,"

                        Appartement 03 Chambres à Bastos                    
","CFA  350,000"
186,"DENVER, Bonamoussadi, Douala, Littoral",3 Salles de bain,2 Chambres,"

                        Appartement à louer à BONAMOUSSADI                    
","CFA  500,000"
187,"FANDENA, Omnisports, Yaoundé, Centre",2 Salles de bain,2 Chambres,"

                        Appartement à Omnisports                    
","CFA  200,000"
188,"omnisports, Omnisports, Yaoundé, Centre",2 Salles de bain,2 Chambres,"

                        Appartement à louer omnisports haut standing                    
","CFA  250,000"
189,"Mendong, Mendong, Yaoundé, Centre",2 Salles de bain,2 Chambres,"

                        Bel appartement à Jouvence                    
","CFA  125,000"
190,"Monté Jouvence, Yaoundé, Centre",3 Salles de bain,2 Chambres,"

                        APPARTEMENT A LOUER A MONTEE JOUVENCE                    
","CFA  110,000"
191,"Bali à la rue de la pharmacie la côte, Bali, Douala, Littoral",2 Salles de bain,2 Chambres,"

                        3 Appartements de 2 chambres nouvellement construit à Bali                    
","CFA  400,000"
192,"Bastos, Yaoundé, Centre",2 Salles de bain,2 Chambres,"

                        Appartement DE Standing à Bastos                    
","CFA  450,000"
193,"SAINT TROPEZ, Makepe, Douala, Littoral",2 Salles de bain,3 Chambres,"

                        Appartement à louer à MAKEPE SAINT TROPEZ                    
","CFA  200,000"
194,"Enface EXPRESS UNION YOUPWE, Douala, Littoral",2 Salles de bain,2 Chambres,"

                        Appartement à Youpwe                    
","CFA  100,000"
195,"Bonamoussadi, Bonamoussadi, Douala, Littoral",3 Salles de bain,3 Chambres,"

                        Appartement à louer à Bonamoussadi-Denver                    
","CFA  600,000"
196,"Bonapriso, Bonapriso, Douala, Littoral",3 Salles de bain,3 Chambres,"

                        Appartement De 3 Chambres Avec Parking À Bonapriso                    
","CFA  1,000,000"
197,"Makepe, Douala, Littoral",1 Salles de bain,2 Chambres,"

                        Appartement à Louer à Makepe                    
","CFA  150,000"
198,"Buéa, Sud-Ouest",NA,2 Chambres,"

                        Appartement à louer à Molyko                    
","CFA  35,000"
199,"KOTTO VILLAGE, Kotto, Douala, Littoral",2 Salles de bain,2 Chambres,"

                        Appartement à louer à KOTTO                    
","CFA  130,000"
200,"Ancienne route, Bonabéri, Douala, Littoral",2 Salles de bain,3 Chambres,"

                        Appartement de moyen standing à louer à BONABERI.                    
","CFA  175,000"
201,"SONEL, Bonamoussadi, Douala, Littoral",2 Salles de bain,3 Chambres,"

                        Appartement à louer à BONAMOUSSADI                    
","CFA  250,000"
202,"EMMIGRATION, Bonanjo, Douala, Littoral",3 Salles de bain,3 Chambres,"

                        Appartement à louer à BONANJO.                    
","CFA  700,000"
203,"Quartier Fouda, Yaoundé, Centre",3 Salles de bain,2 Chambres,"

                        Grand standing au quartier Fouda                    
","CFA  400,000"
204,"Yaoundé, Centre",1 Salles de bain,2 Chambres,"

                        Appartement à Emonbo                    
","CFA  100,000"
205,"Oyom Abang, Yaoundé, Centre",2 Salles de bain,1 Chambres,"

                        STUDIO MODERNE  DE HAUT STANDING A LOUER A OYOMABANG                    
","CFA  60,000"
206,"Biyem-Assi, Yaoundé, Centre",2 Salles de bain,2 Chambres,"

                        Appartement à louer à Maison blanche                    
","CFA  85,000"
207,"Bonapriso, Douala, Littoral",2 Salles de bain,2 Chambres,"

                        Appartement à louer à bonapriso                    
","CFA  1,000,000"
208,"SIMBOCK TRADEX, Mendong, Yaoundé, Centre",3 Salles de bain,3 Chambres,"

                        GRAND APPARTEMENT NEUF 03 CH/03 DCH A SIMBOCK                    
","CFA  200,000"
209,"Bonamouang, Douala, Littoral",2 Salles de bain,2 Chambres,"

                        Appartement à louer à Bonamouang                    
","CFA  150,000"
210,"Bonapriso, Douala, Littoral",2 Salles de bain,2 Chambres,"

                        Appartement à louer à bonapriso                    
","CFA  1,000,000"
211,"Makepe, Douala, Littoral",2 Salles de bain,3 Chambres,"

                        Appartement À Louer À Makepè                    
","CFA  200,000"
212,"Auberge Bleue, Odza, Yaoundé, Centre",2 Salles de bain,2 Chambres,"

                        Superbe appartement meublé à Odza                    
",Prix : Contactez le vendeur
213,"MAIRIE DE DOUALA 5iéme, Bonamoussadi, Douala, Littoral",1 Salles de bain,1 Chambres,"

                        Studio à louer à BONAMOUSSADI.                    
","CFA  125,000"
214,"Bonanjo, Douala, Littoral",3 Salles de bain,3 Chambres,"

                        Appartement à louer à Bonanjo                    
","CFA  850,000"
215,"BONAMOUSSADI CRF ETOO, Bonamoussadi, Douala, Littoral",2 Salles de bain,3 Chambres,"

                        Appartement Tres Haut Standind Bonamoussadi En Bordure De Route                    
","CFA  300,000"
216,"Nouvelle route bessengué avant le pont., Bessengue, Douala, Littoral",1 Salles de bain,2 Chambres,"

                        Appartement à louer à BESSENGUE                    
","CFA  150,000"
217,"TITI GARAGE, Omnisports, Yaoundé, Centre",1 Salles de bain,1 Chambres,"

                        Studio neuf et haut standing a titi garage                    
","CFA  130,000"
218,"Bonanjo, Douala, Littoral",1 Salles de bain,1 Chambres,"

                        Appartement à Bonanjo                    
","CFA  170,000"
219,"Makepe, Douala, Littoral",2 Salles de bain,2 Chambres,"

                        Appartement À Louer À Makepè                    
","CFA  150,000"
220,"Bonapriso, Douala, Littoral",2 Salles de bain,2 Chambres,"

                        Appartement à louer à bonapriso                    
","CFA  1,000,000"
221,"SIMBOCK TRADEX, Yaoundé, Yaoundé, Centre",1 Salles de bain,1 Chambres,"

                        CHAMBRE MODERNE NEUVE A SIMBOCK                    
","CFA  35,000"
222,"Bonadibong, Douala, Littoral",2 Salles de bain,2 Chambres,"

                        Appartement à louer à Bonadibong                    
","CFA  150,000"
223,"Ndongbong, Douala, Littoral",2 Salles de bain,2 Chambres,"

                        Appartement de à louer à Ndongbong                    
","CFA  150,000"
224,"Nsimeyong, Yaoundé, Centre",1 Salles de bain,1 Chambres,"

                        Studio à Nsimeyong                    
","CFA  50,000"
225,"Makepe, Douala, Littoral",2 Salles de bain,2 Chambres,"

                        Appartement à louer à Makepè                    
","CFA  120,000"
226,"Bonatéki, Douala, Littoral",3 Salles de bain,3 Chambres,"

                        Appartement à louer à Bonatéki                    
","CFA  250,000"
227,"Dragage, Yaoundé, Centre",2 Salles de bain,2 Chambres,"

                        Appartement meublé de haut standing à louer à Dragage                    
","CFA  1,200,000"
228,"Nouvelle route bessengué avant le pont., Douala, Douala, Littoral",1 Salles de bain,1 Chambres,"

                        Studio à louer à BESSENGUE                    
","CFA  100,000"
229,"Carrefour armée de l'air., Bonapriso, Douala, Littoral",3 Salles de bain,2 Chambres,"

                        Appartement meublé à louer à BONAPRISO                    
","CFA  1,500,000"
230,"Bonapriso, Douala, Littoral",2 Salles de bain,1 Chambres,"

                        Appartement à Bonapriso                    
","CFA  200,000"
231,"Coron Ayene Mvan, Centre ville, Yaoundé, Centre",1 Salles de bain,1 Chambres,"

                        Appartement F1 meublé de standing : Yaoundé 150.000 fcfa / Mois                    
",CFA  50
232,"Omnisports, Yaoundé, Centre",1 Salles de bain,1 Chambres,"

                        Chambre très moderne à Omnisport                    
","CFA  40,000"
233,"Bonapriso, Douala, Littoral",2 Salles de bain,2 Chambres,"

                        Appartement meublé à louer à bonapriso                    
",Prix : Contactez le vendeur
234,"Cité verte, Yaoundé, Centre",1 Salles de bain,1 Chambres,"

                        STUDIO MODERNE A LOUER AU CARREFOUR MEEC                    
","CFA  60,000"
235,"CARREFOUR ARMEé de l'air, Bonapriso, Douala, Littoral",2 Salles de bain,1 Chambres,"

                        Jolie studio meublé à louer à BONAPRISO                    
","CFA  1,500,000"
236,"DENVER, Bonamoussadi, Douala, Littoral",3 Salles de bain,2 Chambres,"

                        Appartement à Bonamoussadi                    
","CFA  400,000"
237,"Bonapriso, Douala, Littoral",1 Salles de bain,1 Chambres,"

                        Chambre Moderne à Bonapriso                    
","CFA  60,000"
238,"Makepé, Douala, Littoral",2 Salles de bain,2 Chambres,"

                        Appartement meublé à louer                    
","CFA  750,000"
239,"Ange Raphael, Douala, Littoral",1 Salles de bain,1 Chambres,"

                        Chambre à louer à Ange Raphael                    
","CFA  40,000"
240,"Bali, Douala, Littoral",3 Salles de bain,3 Chambres,"

                        Appartement à Louer à Bali                    
","CFA  600,000"
241,"Obili, Yaoundé, Centre",1 Salles de bain,1 Chambres,"

                        Chambre Moderne à Obili                    
","CFA  35,000"
242,"Bonapriso, Douala, Littoral",2 Salles de bain,2 Chambres,"

                        Appartement 02 Pièecs à Bonapriso                    
","CFA  600,000"
243,"Bonatéki, Douala, Littoral",2 Salles de bain,3 Chambres,"

                        Appartement à louer à Bonatéki                    
","CFA  300,000"
244,"Bonapriso, Douala, Littoral",2 Salles de bain,2 Chambres,"

                        Appartement à louer à bonapriso                    
","CFA  1,000,000"
245,"Auberge Bleue, Odza, Yaoundé, Centre",2 Salles de bain,1 Chambres,"

                        Studio meublé de haut standing                    
",Prix : Contactez le vendeur
246,"YOUPWE - EN FACE EXPRESS UNION, Bonapriso, Douala, Littoral",2 Salles de bain,2 Chambres,"

                        Appartement à Louer à Youpwe                    
","CFA  100,000"
247,"Ekié, Yaoundé, Centre",1 Salles de bain,1 Chambres,"

                        Studio Haut Standing à Ekié                    
","CFA  75,000"
248,"Akwa, Akwa, Douala, Littoral",2 Salles de bain,3 Chambres,"

                        Appartement à louer à Akwa                    
","CFA  700,000"
249,"BLOC L, Makepe, Douala, Littoral",2 Salles de bain,2 Chambres,"

                        Appartement à louer à MAKEPE                    
","CFA  130,000"
250,"Ngangué, Douala, Littoral",2 Salles de bain,2 Chambres,"

                        Appartement À Louer À Ngangué                    
","CFA  200,000"
251,"Bonapriso, Douala, Littoral",6 Salles de bain,5 Chambres,"

                        Duplex À Louer À Bonapriso                    
","CFA  2,500,000"
252,"DERIERRE LE COMMISSARIAT, Mendong, Yaoundé, Centre",1 Salles de bain,2 Chambres,"

                        Appartement à Mendong                    
","CFA  80,000"
253,"Deido, Douala, Littoral",2 Salles de bain,2 Chambres,"

                        Appartement à louer à Deido                    
","CFA  200,000"
254,"Après fin goudron, Mbangue, Douala, Littoral",2 Salles de bain,3 Chambres,"

                        Appartement moderne à louer à MBANGUE                    
","CFA  150,000"
255,"Bonapriso, Douala, Littoral",3 Salles de bain,3 Chambres,"

                        Appartement meublé de trois chambres à Bonapriso                    
",Prix : Contactez le vendeur
256,"New-bell, Douala, Littoral",1 Salles de bain,1 Chambres,"

                        Studio à Louer à New-Bell                    
","CFA  80,000"
257,"Bonapriso, Douala, Littoral",2 Salles de bain,2 Chambres,"

                        Appartement à louer à Bonapriso                    
",Prix : Contactez le vendeur
258,"TERMINUS BONAMOUSSADI, Bonamoussadi, Douala, Littoral",1 Salles de bain,1 Chambres,"

                        Studio meublé à louer à BONAMOUSSADI.                    
","CFA  600,000"
259,"Avant le pont de la BESSEKE., Bonabéri, Douala, Littoral",2 Salles de bain,2 Chambres,"

                        Appartement à louer à BONABERI.                    
","CFA  130,000"
260,"Auberge Bleue, Odza, Yaoundé, Centre",3 Salles de bain,3 Chambres,"

                        Appartement meublé à Odza                    
",Prix : Contactez le vendeur
261,"New-bell, Douala, Littoral",2 Salles de bain,2 Chambres,"

                        appartement à louer à new-bell                    
","CFA  150,000"
262,"New-bell, Douala, Littoral",2 Salles de bain,2 Chambres,"

                        appartement à louer à new-bell                    
","CFA  180,000"
263,"TERMINUS BONAMOUSSADI, Bonamoussadi, Douala, Littoral",2 Salles de bain,2 Chambres,"

                        Appartement meublé à louer à BONAMOUSSADI                    
","CFA  1,000,000"
264,"Damase, Yaoundé, Centre",2 Salles de bain,2 Chambres,"

                        Appartement A Louer A Damase                    
","CFA  125,000"
265,"DENVER, Bonamoussadi, Douala, Littoral",3 Salles de bain,2 Chambres,"

                        Appartement à louer à BONAMOUSSADI                    
","CFA  600,000"
266,"RUE KOTTO, Deido, Douala, Littoral",2 Salles de bain,3 Chambres,"

                        Appartement à louer à DEIDO                    
","CFA  175,000"
267,"rue joffre, Akwa, Douala, Littoral",2 Salles de bain,2 Chambres,"

                        Beaux F2, F3 et F4 avec vue imprénable sur le Wouri à louer à Akwa                    
","CFA  350,000"
268,"Bepanda, Bepanda, Douala, Littoral",2 Salles de bain,2 Chambres,"

                        Appartement À Louer À Bepanda Tonnerre                    
","CFA  100,000"
269,"Bonapriso, Douala, Littoral",2 Salles de bain,2 Chambres,"

                        Appartement meublé de deux chambres à Bonapriso                    
",Prix : Contactez le vendeur
270,"Bonapriso, Bonapriso, Douala, Littoral",3 Salles de bain,3 Chambres,"

                        Appartement De 3 Chambres Avec Piscine                    
","CFA  1,500,000"
271,"Akwa, Douala, Littoral",2 Salles de bain,2 Chambres,"

                        Appartement à louer à Akwa                    
","CFA  200,000"
272,"Logbessou, Douala, Littoral",1 Salles de bain,1 Chambres,"

                        Studio à louer à logbessou                    
","CFA  50,000"
273,"NOUVELLE ROUTE BESSENGUE, Bessengue, Douala, Littoral",2 Salles de bain,2 Chambres,"

                        Appartement à louer à BESSENGUE                    
","CFA  150,000"
274,"Bonapriso, Douala, Littoral",2 Salles de bain,2 Chambres,"

                        Appartement à louer à bonapriso                    
",Prix : Contactez le vendeur
275,"Carrefour armée de l'air., Bonapriso, Douala, Littoral",4 Salles de bain,3 Chambres,"

                        Appartement meublé à louer à BONAPRISO                    
","CFA  2,000,000"
276,"SANTA BARBARA, Bonamoussadi, Douala, Littoral",2 Salles de bain,2 Chambres,"

                        Appartement Haut Standing à Louer à Bonamoussadi                    
","CFA  200,000"
277,"NOUVELLE ROUTE BESSENGUE AVANT LE PONT, Bessengue, Douala, Littoral",2 Salles de bain,2 Chambres,"

                        Appartement à louer à BESSENGUE                    
","CFA  170,000"
278,"New-bell, Douala, Littoral",1 Salles de bain,2 Chambres,"

                        Appartment à louer à New-Bell                    
","CFA  140,000"
279,"Damase, Yaoundé, Centre",2 Salles de bain,3 Chambres,"

                        Appartement A Louer A Damase                    
","CFA  150,000"
280,"Makepe, Douala, Littoral",2 Salles de bain,2 Chambres,"

                        Appartement à louer à Makepé                    
","CFA  170,000"
281,"Ndogbong, Douala, Littoral",2 Salles de bain,2 Chambres,"

                        Appartement à louer à Ndogbong                    
","CFA  300,000"
282,"Bonapriso, Douala, Littoral",3 Salles de bain,3 Chambres,"

                        Appartement meublé de trois chambres à Bonapriso                    
",Prix : Contactez le vendeur
283,"Bonanjo, Douala, Littoral",2 Salles de bain,2 Chambres,"

                        Superbe appartement à louer à Bonanjo                    
","CFA  1,200,000"
284,"Mbangue, Mbangue, Douala, Littoral",1 Salles de bain,2 Chambres,"

                        Appartement à louer à Mbangue                    
","CFA  130,000"
285,"Bessengué, Douala, Littoral",2 Salles de bain,2 Chambres,"

                        Appartement à louer à Bessengué                    
","CFA  250,000"
286,"Mendong, Yaoundé, Centre",2 Salles de bain,2 Chambres,"

                        Superbe Appartement À Louer À Mendong                    
","CFA  140,000"
287,"Cite Verte, Yaoundé, Centre",2 Salles de bain,3 Chambres,"

                        APPARTEMENT DE TRES HAUT STANDING  A LOUER A LA CITEE VERTE                    
","CFA  200,000"
288,"Logbessou, Douala, Littoral",1 Salles de bain,1 Chambres,"

                        Studio à louer à logbessou                    
","CFA  50,000"
289,"Akwa, Douala, Littoral",150 Pièces (nombre total),2 Salles de bain,"

                        Bureaux à louer à Akwa                    
","CFA  750,000"
290,"Logpom, Logpom, Douala, Littoral",3 Salles de bain,3 Chambres,"

                        Appartement meublé à louer à Logpom                    
","CFA  600,000"
291,"Bonapriso, Douala, Littoral",2 Salles de bain,2 Chambres,"

                        Appartement à louer à Bonapriso                    
",Prix : Contactez le vendeur
292,"MOSQUE DE BONAMOUSSADI, Bonamoussadi, Douala, Littoral",2 Salles de bain,2 Chambres,"

                        Appartement Haut Standing à Bonamoussadi                    
","CFA  140,000"
293,"EXPRESS UNION, Ange Raphael, Douala, Littoral",2 Salles de bain,3 Chambres,"

                        Appartement à louer à ANGE RAPHAEL.                    
","CFA  130,000"
294,"MAKEPE HAPPY SPORT, Makepe, Douala, Littoral",3 Salles de bain,3 Chambres,"

                        Appartement Au Carrefour Happy Sport                    
","CFA  250,000"
295,"Bonanjo, Douala, Littoral",2 Salles de bain,1 Chambres,"

                        Appartement meublé et de très Haut Standing à louer à Bonanjo                    
","CFA  800,000"
296,"Bessengué, Douala, Littoral",1 Salles de bain,1 Chambres,"

                        Studio à louer à Bessengué                    
","CFA  100,000"
297,"Bonapriso, Douala, Littoral",2 Salles de bain,2 Chambres,"

                        Appartement meublé de deux chambres à Bonapriso                    
",Prix : Contactez le vendeur
298,"Bonapriso, Douala, Littoral",2 Salles de bain,2 Chambres,"

                        Appartement à louer à bonapriso                    
","CFA  1,000,000"
299,"SIMBOCK TRADEX, Mendong, Yaoundé, Centre",2 Salles de bain,2 Chambres,"

                        APPARTEMENT NEUF 02 CH/02 DCH A SIMBOCK                    
","CFA  100,000"
300,"NOUVELLE ROUTE DU GENIE MILITAIRE/AXE-LOURD BONATEKI, Bepanda, Douala, Littoral",2 Salles de bain,2 Chambres,"

                        Appartement à Louer à Bonewonda                    
","CFA  170,000"
301,"Oyom Abang, Yaoundé, Centre",1 Salles de bain,2 Chambres,"

                        APPARTEMENT INDIVIDUEL A LOUER A OYOMABANG                    
","CFA  75,000"
302,"PARCOURS VITA, Bonamoussadi, Douala, Littoral",2 Salles de bain,2 Chambres,"

                        Appartement à louer à BONAMOUSSADI.                    
","CFA  250,000"
303,"Damase, Yaoundé, Centre",2 Salles de bain,2 Chambres,"

                        Appartement A Louer A Damase                    
","CFA  90,000"
304,"Quartier HAUSSA, Nyalla, Douala, Littoral",3 Salles de bain,2 Chambres,"

                        Appartement de bon standing à louer à NYALLA.                    
","CFA  125,000"
305,"Bonapriso, Douala, Littoral",2 Salles de bain,2 Chambres,"

                        Appartement à louer à Bonapriso                    
",Prix : Contactez le vendeur
306,"RUE DROUOT, Akwa, Douala, Littoral",2 Salles de bain,2 Chambres,"

                        Appartement à louer à AKWA                    
","CFA  600,000"
307,"New Bell, New-bell, Douala, Littoral",80 Surface habitable (m²),2 Chambres,"

                        Studio À Louer À New Bell                    
","CFA  80,000"
308,"Ange Raphael, Douala, Littoral",1 Salles de bain,1 Chambres,"

                        Chambre à louer à Ange Raphael                    
","CFA  40,000"
309,"Omnisports, Douala, Littoral",2 Salles de bain,2 Chambres,"

                        Appartement À Louer À Bepanda Omnisports                    
","CFA  120,000"
310,"Bonapriso, Douala, Littoral",1 Salles de bain,2 Chambres,"

                        Appartements à louer à Bonapriso                    
",Prix : Contactez le vendeur
311,"Bastos, Yaoundé, Centre",2 Salles de bain,2 Chambres,"

                        Appartement meublé à louer à Bastos                    
",Prix : Contactez le vendeur
312,"Mendong, Yaoundé, Centre",2 Salles de bain,2 Chambres,"

                        Appartement haut standing à Mendong                    
","CFA  100,000"
313,"Km5, Douala, Littoral",1 Salles de bain,2 Chambres,"

                        Appartement à louer à la nouvelle route km5                    
","CFA  90,000"
314,"Bonamoussadi, Bonamoussadi, Douala, Littoral",2 Salles de bain,2 Chambres,"

                        Appartement à louer à BONAMOUSSADI                    
","CFA  200,000"
315,"CARREFOUR EXPRESS, Cité des palmiers, Douala, Littoral",2 Salles de bain,2 Chambres,"

                        Appartement ou immeuble à louer à la CITE DES PALMIERS.                    
","CFA  120,000"
316,"SIMBOCK, Mendong, Yaoundé, Centre",2 Salles de bain,2 Chambres,"

                        APPARTEMENT NEUF 02 CH/02 DCH A SIMBOCK                    
","CFA  120,000"
317,"petit stade, Logpom, Douala, Littoral",2 Salles de bain,2 Chambres,"

                        Appartement à louer à LOGPOM                    
","CFA  130,000"
318,"Bastos, Yaoundé, Centre",1 Salles de bain,1 Chambres,"

                        Chambre meublée à louer à Bastos                    
",Prix : Contactez le vendeur
319,"Bastos, Yaoundé, Centre",3 Salles de bain,2 Chambres,"

                        Appartement à louer Bastos ambassade de Chine                    
","CFA  1,000,000"
320,"Bonapriso, Douala, Littoral",2 Salles de bain,2 Chambres,"

                        Appartement à louer à bonapriso                    
","CFA  1,000,000"
321,"Bastos, Yaoundé, Centre",1 Salles de bain,1 Chambres,"

                        Chambre meublée à louer à Bastos                    
","CFA  1,050,000"
322,"Bastos, Yaoundé, Centre",2 Salles de bain,2 Chambres,"

                        Appartement à Bastos                    
","CFA  450,000"
323,"Bonapriso, Douala, Littoral",3 Salles de bain,3 Chambres,"

                        Appartement à louer à bonapriso                    
","CFA  1,500,000"
324,"DERRIERE BONAPRISO - YOUPWE, EN FACE EXPRESS UNION, Douala, Littoral",1 Salles de bain,1 Chambres,"

                        Studio Moderne à Louer à Youpwe Douala                    
","CFA  60,000"
325,"Garde présidentielle biteng, express union biteng, Biteng, Yaoundé, Centre",1 Salles de bain,2 Chambres,"

                        Appartement à Yaoundé Biteng                    
","CFA  100,000"
326,"Damase, Yaoundé, Centre",2 Salles de bain,2 Chambres,"

                        Appartement A Louer A Damase                    
","CFA  150,000"
327,"Makepe, Douala, Littoral",3 Salles de bain,3 Chambres,"

                        Appartement à Louer à Makepe                    
","CFA  300,000"
328,"Derrière le lycée de Makepé, Makepe, Douala, Littoral",2 Salles de bain,2 Chambres,"

                        Appartement meublé à louer Makepé                    
","CFA  600,000"
329,"Quartiér HAUSSA, Nyalla, Douala, Littoral",3 Salles de bain,2 Chambres,"

                        Appartement haut standing à louer à NYALLA.                    
","CFA  125,000"
330,"Makepe, Douala, Littoral",2 Salles de bain,2 Chambres,"

                        Appartement À Louer À Makepè                    
","CFA  150,000"
331,"Omnisports, Douala, Littoral",2 Salles de bain,2 Chambres,"

                        Appartement À Louer À Bepanda Omnisports                    
","CFA  130,000"
332,"a, Bonapriso, Douala, Littoral",2 Salles de bain,3 Chambres,"

                        appartement haut standing en Duplex àlouer à bonapriso                    
","CFA  1,500,000"
333,"Nkololoun, Douala, Littoral",2 Salles de bain,2 Chambres,"

                        Appartement à louer à Nkololoun                    
","CFA  250,000"
334,"a, Logbaba, Douala, Littoral",1 Salles de bain,1 Chambres,"

                        Chambre moderne à louer à logbaba                    
","CFA  30,000"
335,"Bonadibong, Douala, Littoral",3 Salles de bain,3 Chambres,"

                        Appartement à louer à Bonadibong                    
","CFA  250,000"
336,"Bonapriso, Douala, Littoral",2 Salles de bain,2 Chambres,"

                        Appartement à louer à Ngangué -Bonapriso                    
","CFA  250,000"
337,"Bonapriso, Douala, Littoral",3 Salles de bain,3 Chambres,"

                        Appartement À Louer À Bonapriso                    
","CFA  1,500,000"
338,"Mendong, Yaoundé, Centre",1 Salles de bain,1 Chambres,"

                        Studio Moderne A Louer A Mendong (Simbock)                    
","CFA  50,000"
339,"Bonamoussadi, Douala, Littoral",9 Pièces (nombre total),3 Salles de bain,"

                        Appartement meublé à Santa Barbara                    
","CFA  1,000,000"
340,"Bonapriso, Douala, Littoral",3 Salles de bain,3 Chambres,"

                        appartement à louer à bonapriso                    
","CFA  750,000"
341,"CARREFOUR ANATOLE, Bali, Douala, Littoral",3 Salles de bain,3 Chambres,"

                        Appartement à louer à CARREFOUR ANATOLE                    
","CFA  250,000"
342,"Logbessou, Douala, Littoral",2 Salles de bain,2 Chambres,"

                        Appartement à louer à logbessou                    
","CFA  80,000"
343,"Biyem-Assi, Yaoundé, Centre",1 Salles de bain,1 Chambres,"

                        Studio Neuf À Louer                    
","CFA  40,000"
344,"Obili, Yaoundé, Centre",1 Salles de bain,1 Chambres,"

                        Grande Chambre Moderne A Obili                    
","CFA  50,000"
345,"Montée du centre des handicapés, Etoug Ebe, Yaoundé, Centre",1 Salles de bain,2 Chambres,"

                        Appartement proche de la route                    
","CFA  90,000"
346,"Akwa, Douala, Littoral",2 Salles de bain,2 Chambres,"

                        Appartement à louer à Akwa                    
","CFA  350,000"
347,"CHAPELLE, Nsimeyong, Yaoundé, Centre",1 Salles de bain,1 Chambres,"

                        Studio Moderne à Nsimeyong                    
","CFA  60,000"
348,"RUE NJOH-NJOH, Bonapriso, Douala, Littoral",2 Salles de bain,3 Chambres,"

                        Appartement Moderne à Louer à Bonapriso                    
","CFA  500,000"
349,"Damase, Yaoundé, Centre",2 Salles de bain,2 Chambres,"

                        Appartement A Louer A Damase                    
","CFA  150,000"
350,"Montée jouvence, Biyem-Assi, Yaoundé, Centre",2 Salles de bain,2 Chambres,"

                        Bel appartement à jouvence                    
","CFA  100,000"
351,"Mpalla, Entre  carrefour costa bianca et golf de kribi, Kribi, Sud",2 Salles de bain,2 Chambres,"

                        Résidence meublée de 11 appartements haut standing à louer à Kribi pour entreprise, avec vue sur mer 50000/appartement                    
",Prix : Contactez le vendeur
352,"Dragage, Bastos, Yaoundé, Centre",2 Salles de bain,2 Chambres,"

                        Appartement meublé à louer                    
",Prix : Contactez le vendeur
353,"Youpwé, Douala, Littoral",2 Salles de bain,2 Chambres,"

                        Appartement À Louer À Youpwé                    
","CFA  150,000"
354,"Bastos, Yaoundé, Centre",30 Salles de bain,20 Chambres,"

                        Immeuble à Louer à Bastos                    
","CFA  10,000,000"
355,"Damase, Yaoundé, Centre",1 Salles de bain,1 Chambres,"

                        Studio Moderne Haut Standing  A Louer A Nsam                    
","CFA  70,000"
356,"Logpom, Douala, Littoral",2 Salles de bain,3 Chambres,"

                        Appartement à louer à Logpom                    
","CFA  150,000"
357,"Petit marche Odza, Biyem Assi, Yaoundé, Centre",2 Salles de bain,3 Chambres,"

                        Appartement a louer a Odza Petit marché                    
","CFA  300,000"
358,"Bonapriso, Douala, Littoral",2 Salles de bain,2 Chambres,"

                        Appartement a louer à Bonapriso                    
",Prix : Contactez le vendeur
359,"CARREFOUR YORO JOSS, Bonamoussadi, Douala, Littoral",3 Salles de bain,2 Chambres,"

                        Appartement  Bonamoussadi En Bordure de Route                    
","CFA  250,000"
360,"Yaoundé, biyem assi lycée, Yaoundé, Centre",1 Salles de bain,2 Chambres,"

                        Appartements à Louer à Biyem-Assi Lycée                    
","CFA  120,000"
361,"RUE KOTTO, Deido, Douala, Littoral",3 Salles de bain,3 Chambres,"

                        Appartement à Louer à Kotto Deido                    
","CFA  250,000"
362,"Akwa, Douala, Littoral",1 Salles de bain,1 Chambres,"

                        Studio à louer à akwa                    
","CFA  100,000"
363,"New-bell, Douala, Littoral",2 Salles de bain,2 Chambres,"

                        Studio à louer à NEW BELL                    
","CFA  80,000"
364,"Obili, Yaoundé, Centre",1 Salles de bain,1 Chambres,"

                        Grande Chambre Moderne A Obili                    
","CFA  50,000"
365,"Bonapriso, Douala, Littoral",2 Salles de bain,2 Chambres,"

                        Appartement à louer à Bonapriso                    
",Prix : Contactez le vendeur
366,"Akwa, Douala, Littoral",1 Salles de bain,1 Chambres,"

                        studio à louer à akwa                    
","CFA  100,000"
367,"Bonapriso, Douala, Littoral",2 Salles de bain,2 Chambres,"

                        Appartement à louer à Bonapriso                    
",Prix : Contactez le vendeur
368,"Bonanjo, Douala, Littoral",2 Salles de bain,2 Chambres,"

                        Appartement meublé à louer à Bonanjo                    
","CFA  1,200,000"
369,"Bali face Direction brasserie, Bali, Douala, Littoral",2 Salles de bain,2 Chambres,"

                        Appartement à Louer à Bali                    
","CFA  400,000"
370,"Nouvelle route bessengué avant le pont., Bessengue, Douala, Littoral",1 Salles de bain,1 Chambres,"

                        Studio à louer à BESSENGUE                    
","CFA  100,000"
371,"Logbessou, Douala, Littoral",4 Salles de bain,3 Chambres,"

                        Appartement à louer à logbessou                    
","CFA  85,000"
372,"CITY BILINGUAL, Etoug Ebe, Yaoundé, Centre",2 Salles de bain,2 Chambres,"

                        MINI-APPARTEMENT MODERNE A ETOUG-EBE                    
","CFA  75,000"
373,"DIRECTION GENERALE MTN, Akwa, Douala, Littoral",2 Salles de bain,2 Chambres,"

                        Appartement meublé à louer à AKWA                    
","CFA  1,200,000"
374,"Bali, Douala, Littoral",3 Salles de bain,3 Chambres,"

                        Appartement À Louer À Bali                    
","CFA  1,500,000"
375,"NGANGUE, Bonapriso, Douala, Littoral",3 Salles de bain,2 Chambres,"

                        Appartement à Louer à Ngangue                    
","CFA  400,000"
376,"Lycée MONGO JOSEPH., Bonapriso, Douala, Littoral",3 Salles de bain,2 Chambres,"

                        Appartement haut standing à louer à BONAPRISO                    
","CFA  1,700,000"
377,"Bonapriso, Douala, Littoral",2 Salles de bain,2 Chambres,"

                        Appartement meublé de deux chambres à Bonapriso                    
",Prix : Contactez le vendeur
378,"Bessengué, Douala, Littoral",1 Salles de bain,2 Chambres,"

                        Appartement à louer à Bessengué                    
","CFA  230,000"
379,"BESSENGUE, Bessengue, Douala, Littoral",2 Salles de bain,2 Chambres,"

                        Appartement à Deido                    
","CFA  230,000"
380,"Bastos, Yaoundé, Centre",2 Salles de bain,2 Chambres,"

                        Appartement meublé à louer à Bastos                    
",Prix : Contactez le vendeur
381,"Bonapriso, Douala, Littoral",2 Salles de bain,2 Chambres,"

                        Appartement à louer à bonapriso                    
","CFA  1,000,000"
382,"Bonatéki, Douala, Littoral",3 Salles de bain,3 Chambres,"

                        Appartement À Louer À Bonatéki                    
","CFA  250,000"
383,"Bonatéki, Douala, Littoral",2 Salles de bain,3 Chambres,"

                        Appartement À Louer À Bonatéki                    
","CFA  300,000"
384,"Logpom, Logpom, Douala, Littoral",2 Salles de bain,3 Chambres,"

                        Appartement À Louer À Logpom                    
","CFA  170,000"
385,"Bonanjo, Douala, Littoral",3 Salles de bain,3 Chambres,"

                        Appartement à louer à Bonanjo                    
","CFA  1,500,000"
386,"Biyem-Assi, Yaoundé, Centre",1 Salles de bain,1 Chambres,"

                        Studio À Louer À Montée Maison Blanche                    
","CFA  60,000"
387,"FACE ROND POINT SALLE DE FETE AKWA  B.P. 2854, Akwa, Douala, Littoral",2 Salles de bain,2 Chambres,"

                        APPARTEMENT MEUBLE                    
",Prix : Contactez le vendeur
388,"Saint tropez, Makepe, Douala, Littoral",2 Salles de bain,2 Chambres,"

                        Appartement à louer à MAKEPE SAINT TROPEZ                    
","CFA  130,000"
389,"New-bell, Douala, Littoral",2 Salles de bain,3 Chambres,"

                        Appartment à louer à New-Bell                    
","CFA  120,000"
390,"rue joffre, Akwa, Douala, Littoral",3 Pièces (nombre total),1 Chambres,"

                        Bureaux à louer à Akwa                    
","CFA  300,000"
391,"Bonapriso, Douala, Littoral",4 Salles de bain,4 Chambres,"

                        appartement à louer à bonapriso                    
","CFA  850,000"
392,"Bonamoussadi, Douala, Littoral",1 Salles de bain,1 Chambres,"

                        Studio meublé à louer à Bonamoussadi Santa Barbara                    
","CFA  600,000"
393,"Bonapriso, Douala, Littoral",4 Salles de bain,4 Chambres,"

                        appartement à louer à bonapriso                    
","CFA  800,000"
394,"Bonanjo, Bonanjo, Douala, Littoral",1 Salles de bain,1 Chambres,"

                        Studio à louer à Bonanjo avec Cuisine Américaine                    
","CFA  600,000"
395,"APRES LE ROND POINT EXPRESS, Monté Jouvence, Yaoundé, Centre",1 Salles de bain,1 Chambres,"

                        Grand Studio à Montee Jouvence                    
","CFA  90,000"
396,"Douala . logbaba . 4em rue à droit derire total logbaba, Bassa, Douala, Littoral",2 Salles de bain,2 Chambres,"

                        Appartement meublé à louer à bassa                    
","CFA  20,000"
397,"Bonapriso, Bonapriso, Douala, Littoral",3 Salles de bain,3 Chambres,"

                        Appartement De 3 Chambres À Bonapriso                    
","CFA  1,000,000"
398,"Bonapriso, Douala, Littoral",3 Salles de bain,5 Chambres,"

                        appartement à louer à bonapriso                    
","CFA  1,500,000"
399,"Ndog Bong, Ndog Bong, Douala, Littoral",2 Salles de bain,2 Chambres,"

                        Appartement à louer à Ndog Bong                    
","CFA  300,000"
400,"Akwa, Douala, Littoral",2 Salles de bain,1 Chambres,"

                        Studio Meublé À Louer À Akwa                    
",Prix : Contactez le vendeur
401,"Bonapriso, Douala, Littoral",NA,35 Surface habitable (m²),"

                        Studios à louer à Bonapriso                    
",Prix : Contactez le vendeur
402,"Bali, Douala, Littoral",2 Salles de bain,2 Chambres,"

                        Joli Appartement Meublé À Louer À Bali                    
","CFA  1,900,000"
403,"Bonapriso, Douala, Littoral",1 Salles de bain,1 Chambres,"

                        Studio à louer à Bonapriso                    
",CFA  1
404,"biyem assi, Biyem-Assi, Yaoundé, Centre",2 Salles de bain,3 Chambres,"

                        APPARTEMENT A LOUER A BIYEM ASSI (MONTEE DES SOEURS)                    
","CFA  120,000"
405,"Mbangue, Douala, Littoral",3 Salles de bain,2 Chambres,"

                        Appartement Ultra Moderne À Louer À Mbangue .                    
","CFA  180,000"
406,"Bonapriso, Douala, Littoral",2 Salles de bain,2 Chambres,"

                        Appartement À Louer À Bonapriso                    
","CFA  1,500,000"
407,"Bonapriso, Douala, Littoral",2 Salles de bain,2 Chambres,"

                        Appartement À Louer À Bonapriso                    
","CFA  1,500,000"
408,"PETIT STADE, Logpom, Douala, Littoral",1 Salles de bain,1 Chambres,"

                        Studio à louer à LOGPOM                    
","CFA  80,000"
409,"MONTEE JOUVENCE, Monté Jouvence, Yaoundé, Centre",2 Salles de bain,3 Chambres,"

                        APPARTEMENT DE LUXE A LOUER A BIYEM ASSI (MONTEE JOUVENCE)                    
","CFA  220,000"
410,"BIYEM ASSI(montée des soeurs), Biyem Assi, Yaoundé, Centre",2 Salles de bain,2 Chambres,"

                        APPARTEMENT A LOUER A MONTEE DES SOEURS                    
","CFA  100,000"
411,"Biyem-Assi maison blanche, Biyem-Assi, Yaoundé, Centre",1 Salles de bain,2 Chambres,"

                        04 Appartements à vendre a maison blanche Biyemassi                    
","CFA  40,000,000"
412,"OMNISPORT, Omnisports, Yaoundé, Centre",2 Salles de bain,3 Chambres,"

                        APPARTEMENT A LOUER A OMNISPORT                    
","CFA  500,000"
413,"New-bell, Douala, Littoral",2 Salles de bain,2 Chambres,"

                        Studio à louer à NEW BELL                    
","CFA  80,000"
414,"Bali, Douala, Littoral",2 Salles de bain,2 Chambres,"

                        Appartement à louer à Bali                    
","CFA  500,000"
415,"Logpom, Douala, Littoral",3 Salles de bain,3 Chambres,"

                        Appartement à louer à Logpom                    
","CFA  170,000"
416,"JOUVENCE VERS  SIMBOCK, Yaoundé, Yaoundé, Centre",1 Salles de bain,1 Chambres,"

                        GRAND STUDIO NEUF A SIMBOK                    
","CFA  70,000"
417,"FACE ROND POINT SALLE DE FETE AKWA  B.P. 2854, Akwa, Douala, Littoral",2 Salles de bain,2 Chambres,"

                        résidence carat                    
",Prix : Contactez le vendeur
418,"Bassa, Douala, Littoral",2 Salles de bain,1 Chambres,"

                        Appartement À Louer À Bassa                    
","CFA  90,000"
419,"TITI GARAGE, Yaoundé, Yaoundé, Centre",2 Salles de bain,4 Chambres,"

                        APPARTEMENT DE 04 CH. TITI GARAGE                    
","CFA  200,000"
420,"Akwa, Douala, Littoral",2 Salles de bain,3 Chambres,"

                        Appartement à louer à Akwa                    
",Prix : Contactez le vendeur
421,"SIMBOCK TRADEX, Yaoundé, Yaoundé, Centre",2 Salles de bain,2 Chambres,"

                        APPARTEMENT NEUF 02 CH/02 DCH A SIMBOCK                    
","CFA  150,000"
422,"Logbessou, Douala, Littoral",4 Salles de bain,3 Chambres,"

                        Appartement à louer à logbessou                    
","CFA  85,000"
423,"New-bell, Douala, Littoral",2 Salles de bain,2 Chambres,"

                        Studio à louer à NEW BELL                    
","CFA  80,000"
424,"TAM TAM, Biyem-Assi, Yaoundé, Centre",2 Salles de bain,3 Chambres,"

                        APPARTEMENT 03 CH/02DCH. A TAM TAM                    
","CFA  130,000"
425,"Akwa, Akwa, Douala, Littoral",2 Salles de bain,3 Chambres,"

                        Appartement à louer à Akwa                    
","CFA  600,000"
426,"Bonanjo, Douala, Littoral",3 Salles de bain,3 Chambres,"

                        Appartement à louer à Bonanjo                    
","CFA  900,000"
427,"Route des Chutes de la Lobé -Contigu des Gîtes de Kribi, Kribi, Kribi, Sud",1 Salles de bain,3 Chambres,"

                        3 appartements neufs standing bord  mer -  2 ou 3 chambres entre ville 5 ' et port 20 '                    
","CFA  1,000,000"
428,"Bonapriso, Douala, Littoral",2 Salles de bain,3 Chambres,"

                        appartement à louer à bonapriso                    
","CFA  750,000"
429,"bepanda, Bepanda, Douala, Littoral",1 Salles de bain,1 Chambres,"

                        Studio à louer à BP CITE                    
","CFA  55,000"
430,"Omnisports, Yaoundé, Centre",2 Salles de bain,3 Chambres,"

                        APPARTEMENT DE HAUT STANDING A LOUER A OMNISPORT                    
","CFA  230,000"
431,"route  presidence juste apres rond point bastos, Bastos, Yaoundé, Centre",3 Salles de bain,2 Chambres,"

                        appartement a louer                    
","CFA  500,000"
432,"Kotto, Douala, Douala, Littoral",2 Salles de bain,2 Chambres,"

                        Appartement à louer à Kotto                    
","CFA  180,000"
433,"Bonapriso, Douala, Littoral",2 Salles de bain,2 Chambres,"

                        Appartement à louer à Bonapriso                    
",Prix : Contactez le vendeur
434,"BIYEM ASSI, Biyem Assi, Yaoundé, Centre",1 Salles de bain,2 Chambres,"

                        APPARTEMENT A LOUER A BIYEM ASSI (SUPERETTE)                    
","CFA  85,000"
435,"NSIMEYONG, Nsimeyong, Yaoundé, Centre",1 Salles de bain,1 Chambres,"

                        STUDIO MODERNE CHIC  A LOUER A NSIMEYONG                    
","CFA  85,000"
436,"kondengui, Kondengui, Yaoundé, Centre",2 Salles de bain,2 Chambres,"

                        APPARTEMENT A LOUER A KONDENGUI                    
","CFA  120,000"
437,"Bonapriso, Douala, Littoral",3 Salles de bain,2 Chambres,"

                        Appartement ultra moderne à louer à Bonapriso                    
","CFA  700,000"
438,"Mendong, Yaoundé, Centre",1 Salles de bain,1 Chambres,"

                        Studio haut standing                    
","CFA  70,000"
439,"kondengui, Kondengui, Yaoundé, Centre",2 Salles de bain,2 Chambres,"

                        APPARTEMENT A LOUER A KONDENGUI                    
","CFA  150,000"
440,"New-bell, Douala, Littoral",1 Salles de bain,1 Chambres,"

                        Studio à louer à New-Bell                    
","CFA  100,000"
441,"Bassa, Douala, Littoral",2 Salles de bain,2 Chambres,"

                        Appartement À Louer À Bassa                    
","CFA  100,000"
442,"Akwa, Douala, Littoral",2 Salles de bain,2 Chambres,"

                        Appartement à louer à Akwa                    
","CFA  750,000"
443,"Bonanjo, Douala, Littoral",3 Salles de bain,3 Chambres,"

                        Appartement à louer à Bonanjo                    
","CFA  1,500,000"
444,"Cariffour Njoya, Logpom, Dla, Logpom, Douala, Littoral",2 Salles de bain,3 Chambres,"

                        APPARTEMENTS 3 CHAMBRES A LOUER A LOGPOM, DOUALA 200000 FCFA                    
","CFA  200,000"
445,"Bonapriso, Bonapriso, Douala, Littoral",2 Salles de bain,2 Chambres,"

                        Appartement à louer à Bonapriso                    
","CFA  800,000"
446,"cayo-elie, Douala, Littoral",4 Salles de bain,4 Chambres,"

                        Appartement meublé à louer à cayo-elie                    
",Prix : Contactez le vendeur
447,"Ndog Bong, Douala, Littoral",2 Salles de bain,2 Chambres,"

                        Appartement à louer à Ndogbong                    
","CFA  150,000"
448,"Rue des avocats, Douala, Douala, Littoral",3 Salles de bain,2 Chambres,"

                        2 Appartements haut standing à louer                    
",Prix : Contactez le vendeur
449,"Elig-Essono, Yaoundé, Centre",3 Salles de bain,2 Chambres,"

                        APPARTEMENT A LOUER A ELIG ESSONO                    
","CFA  250,000"
450,"Monté Jouvence, Yaoundé, Centre",2 Salles de bain,2 Chambres,"

                        Appartement A Louer A Montee Jouvence                    
","CFA  150,000"
451,"Dakar, Douala, Littoral",3 Salles de bain,2 Chambres,"

                        Appartement à louer à Dakar                    
","CFA  190,000"
452,"Village, Douala, Littoral",1 Salles de bain,2 Chambres,"

                        Appartement à louer à village                    
",Prix : Contactez le vendeur
453,"Essomba, Yaoundé, Centre",3 Salles de bain,2 Chambres,"

                        APPARTEMENT A LOUER A ESSOMBA                    
","CFA  120,000"
454,"Centre ville, Cinema le WOURI, Akwa, Douala, Littoral",1 Salles de bain,2 Chambres,"

                        APPARTEMENTS ET STUDIOS A LOUER, AKWA DOUALA                    
",Prix : Contactez le vendeur
455,"Kotto, Douala, Douala, Littoral",2 Salles de bain,2 Chambres,"

                        Appartement à louer à Kotto                    
","CFA  150,000"
456,"Bonapriso, Douala, Littoral",3 Salles de bain,3 Chambres,"

                        Appartement À Louer À Bonapriso.                    
","CFA  1,000,000"
457,"Bonamoussadi, Douala, Littoral",2 Salles de bain,2 Chambres,"

                        Appartement à louer à Bonamoussadi                    
","CFA  200,000"
458,"Messassi, Yaoundé, Centre",1 Salles de bain,2 Chambres,"

                        Appartement neuf à louer à Messassi                    
","CFA  100,000"
459,"derrière le commissariat, Messamendongo, Yaoundé, Centre",2 Salles de bain,3 Chambres,"

                        appartement 3 ch. a Messamedongo                    
","CFA  135,000"
460,"Km5, Douala, Littoral",1 Salles de bain,2 Chambres,"

                        Appartement à louer à Km5                    
","CFA  80,000"
461,"Omnisports, Yaoundé, Centre",2 Salles de bain,3 Chambres,"

                        APPARTEMENT A LOUER A OMNISPORT                    
","CFA  300,000"
462,"Makepe, Douala, Littoral",2 Salles de bain,2 Chambres,"

                        Appartement à louer à Makepè                    
","CFA  200,000"
463,"New-bell, Douala, Littoral",80 Surface habitable (m²),2 Chambres,"

                        Studio À Louer À New Bell                    
","CFA  80,000"
464,"VERS LA bicec, Biyem-Assi, Yaoundé, Centre",1 Salles de bain,2 Chambres,"

                        APPARTEMENT 02 CH. BIYEM-ASSI BICEC                    
","CFA  70,000"
465,"Makepe, Douala, Littoral",2 Salles de bain,2 Chambres,"

                        Appartement à louer à Maképé                    
","CFA  100,000"
466,"MONTEE DES SOEURS, Biyem Assi, Yaoundé, Centre",2 Salles de bain,2 Chambres,"

                        APPARTEMENT 02 CH/02 DCH. A MONTEE DES SOEURS                    
","CFA  130,000"
467,"Bonapriso, Douala, Littoral",1 Salles de bain,1 Chambres,"

                        Studio à louer à bonapriso                    
","CFA  150,000"
468,"Bonanjo, Douala, Littoral",3 Salles de bain,3 Chambres,"

                        Appartement Neuf 3 Chambres Bonanjo                    
","CFA  500,000"
469,"Bonanjo, Douala, Littoral",4 Salles de bain,3 Chambres,"

                        Vaste Appartement Neuf 3 Chambres Bonanjo Avec Groupe Electrogene                    
","CFA  800,000"
470,"BASTOS (GOLF), Bastos, Yaoundé, Centre",2 Salles de bain,1 Chambres,"

                        STUDIOS MODERNE A LOUER A BASTOS ( GOLF)                    
","CFA  700,000"
471,"Logbessou, Douala, Littoral",2 Salles de bain,3 Chambres,"

                        Appartement à louer à logbessou                    
","CFA  80,000"
472,"OBOBOGO, Yaoundé, Yaoundé, Centre",3 Salles de bain,3 Chambres,"

                        APPARTEMENT INDIVIDUEL 03 CH. OBOBOGO                    
","CFA  150,000"
473,"Bastos, Yaoundé, Centre",1 Salles de bain,1 Chambres,"

                        Studio à Louer Bastos Golf                    
","CFA  100,000"
474,"Akwa, Douala, Littoral",3 Salles de bain,2 Chambres,"

                        Appartement Meublé À Louer À Akwa                    
",Prix : Contactez le vendeur
475,"Bonapriso, Douala, Littoral",1 Salles de bain,2 Chambres,"

                        Appartement ultra moderne à louer à Bonapriso                    
","CFA  800,000"
476,"Essomba, Yaoundé, Centre",2 Salles de bain,3 Chambres,"

                        APPARTEMENT A LOUER A ESSOMBA                    
","CFA  125,000"
477,"Bonapriso, Douala, Littoral",2 Salles de bain,2 Chambres,"

                        Appartement meublé à louer à Bonapriso                    
",Prix : Contactez le vendeur
478,"Mendong, Yaoundé, Centre",1 Salles de bain,2 Chambres,"

                        Appartement A Louer A Mendong (Simbock)                    
","CFA  90,000"
479,"Mendong, Yaoundé, Centre",1 Salles de bain,1 Chambres,"

                        Studio Moderne A Louer A Mendong(Simbock)                    
","CFA  45,000"
480,"meyong, Cite Verte, Yaoundé, Centre",1 Salles de bain,2 Chambres,"

                        AAPARTEMENT 02 CH. A CITE VERTE (MEYONG)                    
","CFA  110,000"
481,"ecole publique, Bastos, Yaoundé, Centre",2 Salles de bain,2 Chambres,"

                        APPARTEMENT 02 CH. BASTOS                    
","CFA  300,000"
482,"auberge bleue, Odza, Yaoundé, Centre",5 Salles de bain,10 Chambres,"

                        DUPLEX DE 10 CH. A ODZA                    
","CFA  1,000,000"
483,"Mendong, Yaoundé, Centre",2 Salles de bain,2 Chambres,"

                        Appartement A Louer A Mendong (Simbock)                    
","CFA  70,000"
484,"Béedi, Douala, Littoral",2 Salles de bain,2 Chambres,"

                        Appartement à louer à Béedi                    
","CFA  100,000"
485,"DAMASE, Damase, Yaoundé, Centre",1 Salles de bain,2 Chambres,"

                        APPARTEMENT A LOUER A DAMASE                    
","CFA  90,000"
486,"New-bell, Douala, Littoral",2 Salles de bain,2 Chambres,"

                        Appartment à louer à New-Bell                    
","CFA  100,000"
487,"Village, Douala, Littoral",1 Salles de bain,1 Chambres,"

                        Studio à louer à village                    
",Prix : Contactez le vendeur
488,"Bonanjo, Douala, Littoral",1 Salles de bain,1 Chambres,"

                        Studio à Bonanjo                    
","CFA  350,000"
489,"Bastos, Yaoundé, Centre",1 Salles de bain,1 Chambres,"

                        Studio de luxe à Bastos (meublé)                    
","CFA  600,000"
490,"Akwa, Douala, Littoral",2 Salles de bain,2 Chambres,"

                        Appartement À Louer À Akwa                    
","CFA  450,000"
491,"Logpom, Logpom, Douala, Littoral",2 Salles de bain,2 Chambres,"

                        Bel appartement spacieux à louer à Logpom                    
","CFA  90,000"
492,"Akwa, Douala, Littoral",2 Salles de bain,2 Chambres,"

                        Appartement à louer à Akwa                    
","CFA  700,000"
493,"Jouvence Maetur, Monté Jouvence, Yaoundé, Centre",1 Salles de bain,2 Chambres,"

                        APPARTEMENT HAUT STANDING  02 CH A JOUVENCE                    
","CFA  150,000"
494,"Bonapriso, Douala, Littoral",4 Salles de bain,3 Chambres,"

                        Appartement À Louer À Bonapriso.                    
","CFA  1,000,000"
495,"BIYEM ASSI, Biyem-Assi, Yaoundé, Centre",1 Salles de bain,1 Chambres,"

                        STUDIO MODERNE A LOUER A BIYEM ASSI (MAISON BLANCHE)                    
","CFA  50,000"
496,"Omnisports, Yaoundé, Centre",3 Salles de bain,3 Chambres,"

                        APPARTEMENT A LOUER A OMNISPORT                    
","CFA  450,000"
497,"Bonapriso, Douala, Littoral",2 Salles de bain,2 Chambres,"

                        Appartement à louer à Ngangué -Bonapriso                    
","CFA  250,000"
498,"biyem assi, Biyem Assi, Yaoundé, Centre",2 Salles de bain,2 Chambres,"

                        APPARTEMENT A LOUER A BIYEM ASSI (MAISON BLANCHE)                    
","CFA  100,000"
499,"Tropicana, Yaoundé, Centre",1 Salles de bain,1 Chambres,"

                        STUDIO MODERNE A LOUER A TROPICANA                    
","CFA  65,000"
